loss,accuracy
5.17754602432251,11.729765892028809
5.264122009277344,11.729327201843262
5.2906365394592285,11.902219772338867
5.289472579956055,11.735854148864746
5.1569108963012695,11.414141654968262
