loss,accuracy
29.635608673095703,0.006937333848327398
31.84899139404297,0.013117321766912937
28.577802658081055,0.00576420035213232
29.81279182434082,0.012464315630495548
29.016977310180664,0.00557218212634325
