loss,accuracy
82.851318359375,41.44207000732422
82.12081909179688,40.717308044433594
81.99966430664062,40.59529495239258
82.01056671142578,40.60729217529297
82.0184555053711,40.61601257324219
