loss,accuracy
29114.455078125,7.832879543304443
