loss,accuracy
415.9347229003906,68.12799835205078
415.891357421875,68.619140625
