loss,accuracy
82.87128448486328,158.14651489257812
82.0956039428711,157.3851318359375
